Nome,Status,Tipo
Correios via Frenet,Ativo,Gestão de etiquetas
J&T Express via Frenet,Ativo,Gestão de etiquetas
Jadlog via Frenet,Ativo,Gestão de etiquetas
Total Express,Disponível,Gestão de etiquetas
4A Logistica Express,Disponível,Por tabela
A3 Transportes,Disponível,Simplificada
ABH Transportes,Disponível,Por tabela
ABT Log,Disponível,Por tabela
Accert,Disponível,Por tabela
Aceville Transportes,Disponível,Simplificada
ACLog,Disponível,Por tabela
Aeroflex,Disponível,Por tabela
Aguia Branca,Disponível,Simplificada
Aguia Sul,Disponível,Por tabela
AJ Log Express,Disponível,Simplificada
Alfa Transportes,Disponível,Simplificada
Aliança,Disponível,Por tabela
Alliex,Disponível,Simplificada
ALT Brasil Transportes,Disponível,Por tabela
AM Transportes,Disponível,Por tabela
AmazonTransportes,Disponível,Por tabela
Amglog,Disponível,Por tabela
Andorinha,Disponível,Por tabela
AndreTransportes,Disponível,Por tabela
Anjos Transportes,Disponível,Por tabela
Anjun Express,Disponível,Por tabela
Apoio Logística,Disponível,Por tabela
Aragão,Disponível,Por tabela
Argius,Disponível,Por tabela
Arlete,Disponível,Por tabela
Artec,Disponível,Por tabela
Asapbd,Disponível,Por tabela
ASR,Disponível,Por tabela
Astrolog,Disponível,Por tabela
Athos Transportes,Disponível,Por tabela
Ativa,Disponível,Por tabela
Atlas,Disponível,Por tabela
Atual Cargas,Disponível,Por tabela
Avante Transportes,Disponível,Por tabela
Avianca,Disponível,Por tabela
Aviat,Disponível,Por tabela
Avlog,Disponível,Por tabela
AWR,Disponível,Por tabela
Azplan,Disponível,Por tabela
Azul Cargo,Disponível,Simplificada
Azurelog,Disponível,Por tabela
B2C LOG,Disponível,Por tabela
B2Y,Disponível,Por tabela
Balcao Balcao,Disponível,Simplificada
BARONI,Disponível,Por tabela
BasdLog,Disponível,Por tabela
BBT Transportes,Disponível,Por tabela
Bee Delivery,Disponível,Por tabela
BemLog,Disponível,Por tabela
Bemol,Disponível,Por tabela
BentoBrasil,Disponível,Simplificada
Bertolini,Disponível,Por tabela
BF LOG Express,Disponível,Por tabela
BIBI FLEX,Disponível,Simplificada
Binho Transportes,Disponível,Por tabela
Bit Home,Disponível,Simplificada
Bit Home VIP,Disponível,Por tabela
BLD Logística,Disponível,Simplificada
BLExpress,Disponível,Por tabela
BM Transportadora,Disponível,Por tabela
Bonfanti,Disponível,Por tabela
BorbaLog,Disponível,Por tabela
Borzo Delivery,Disponível,Simplificada
BRAEX,Disponível,Por tabela
Brasil Cargas,Disponível,Por tabela
Brasil Express,Disponível,Por tabela
Brasil Web,Disponível,Por tabela
BrasilPort,Disponível,Por tabela
Braspress,Disponível,Simplificada
Brasul Transportes,Disponível,Por tabela
Braunn,Disponível,Por tabela
Bravox,Disponível,Por tabela
Bristot Rocha,Disponível,Por tabela
Brix Cargo,Disponível,Por tabela
BrosLog,Disponível,Por tabela
Browm Transportes,Disponível,Simplificada
Brusville,Disponível,Por tabela
BSC Transportes,Disponível,Simplificada
Business Center,Disponível,Simplificada
Buslog,Disponível,Simplificada
Caiapo Cargas,Disponível,Por tabela
Cainiao,Disponível,Por tabela
Cairu,Disponível,Por tabela
Camilo dos Santos,Disponível,Por tabela
Canlog Cargo,Disponível,Por tabela
CarbonoZero,Disponível,Por tabela
Cardex Logistica,Disponível,Simplificada
Carga Maxima,Disponível,Por tabela
Cargo Fly,Disponível,Por tabela
CargoBrasil,Disponível,Por tabela
Cargobrvip,Disponível,Por tabela
Carriers,Disponível,Por tabela
CarvaLima,Disponível,Simplificada
CastroDias,Disponível,Por tabela
Cazan Transportes,Disponível,Por tabela
CB Transportes,Disponível,Por tabela
CCA Express,Disponível,Por tabela
CCN,Disponível,Por tabela
CDC Cargas,Disponível,Por tabela
CDR,Disponível,Por tabela
Central do Frete,Disponível,Simplificada
CentralLogTransportes,Disponível,Por tabela
CentroSul,Disponível,Por tabela
CF Transportes,Disponível,Por tabela
Changueiro,Disponível,Por tabela
Chapeco Encomendas,Disponível,Por tabela
Chega Certo,Disponível,Por tabela
Civard,Disponível,Por tabela
Cjmlog,Disponível,Por tabela
Claro Transportes,Disponível,Por tabela
CLK Log,Disponível,Por tabela
Comam Transportes,Disponível,Por tabela
Commerce Log,Disponível,Por tabela
Conecta,Disponível,Por tabela
Conexao Transporte e Logistica,Disponível,Por tabela
Continental,Disponível,Por tabela
Contlog Logística,Disponível,Por tabela
Convento,Disponível,Por tabela
Cooper Hood Brasil,Disponível,Simplificada
Coopex,Disponível,Por tabela
Corellilog,Disponível,Simplificada
Corrertec,Disponível,Por tabela
COSMOS TRANSPORTES,Disponível,Por tabela
CPLogistica,Disponível,Por tabela
Cristofoli,Disponível,Por tabela
Cruzeirodosul,Disponível,Por tabela
CTBotelho,Disponível,Por tabela
Cubbo,Disponível,Por tabela
Cwlog,Disponível,Por tabela
CWTres,Disponível,Por tabela
D&Y Transportes,Disponível,Por tabela
DaCosta Bonissoni,Disponível,Por tabela
Dallogs,Disponível,Por tabela
Daytona,Disponível,Por tabela
Daytona Express,Disponível,Simplificada
DBA Express,Disponível,Por tabela
DDLogExpress,Disponível,Simplificada
Del Logistic,Disponível,Por tabela
Della Cruz,Disponível,Por tabela
Destak Logistica,Disponível,Por tabela
DGT Logística,Disponível,Por tabela
DHL,Disponível,Por tabela
DHL WS,Disponível,Simplificada
Dia e Noite,Disponível,Por tabela
Dia Entregue,Disponível,Por tabela
Dialogo Logística,Disponível,Por tabela
Diasan,Disponível,Por tabela
DiasMais,Disponível,Por tabela
Dicas Encomendas,Disponível,Por tabela
Diko Transportes,Disponível,Por tabela
DimensaoExpress,Disponível,Por tabela
Diogo Freire,Disponível,Por tabela
Dip Log Transportes,Disponível,Por tabela
Direcional,Disponível,Por tabela
Directalog,Disponível,Simplificada
DirectLog,Disponível,Simplificada
Directlog VIP,Disponível,Por tabela
DirestLog,Disponível,Por tabela
DiretaLog,Disponível,Simplificada
Disketenha,Disponível,Por tabela
Dissudes,Disponível,Simplificada
DivinaTransportes,Disponível,Simplificada
DJ Transportes,Disponível,Por tabela
DLog,Disponível,Simplificada
DLog VIP,Disponível,Por tabela
Dmari Logistica,Disponível,Por tabela
Docalog,Disponível,Por tabela
Doctor Transportes,Disponível,Por tabela
DoisFLog,Disponível,Por tabela
Dominalog,Disponível,Por tabela
Domínio Transportes,Disponível,Por tabela
Door To Door Distribuição e Courier,Disponível,Por tabela
DoValle,Disponível,Por tabela
DRF Expresso,Disponível,Por tabela
Drops,Disponível,Simplificada
DTRabaiolli,Disponível,Por tabela
Dulog,Disponível,Simplificada
DuoFlex,Disponível,Por tabela
Duolog,Disponível,Por tabela
Eagle Solutions Fracionado,Disponível,Por tabela
EBTrans,Disponível,Por tabela
EffexLog,Disponível,Por tabela
Efitrans,Disponível,Por tabela
ELL Log,Disponível,Simplificada
Elohim,Disponível,Por tabela
Emborcação,Disponível,Por tabela
Embraen,Disponível,Por tabela
EmFrente,Disponível,Por tabela
Enivix Logistica,Disponível,Por tabela
Entrega Expressa,Disponível,Por tabela
Entrega Já Log,Disponível,Simplificada
EntregaJá,Disponível,Simplificada
Envia Rapido,Disponível,Por tabela
Esata Express,Disponível,Por tabela
Estoca,Disponível,Simplificada
ETLogistica,Disponível,Por tabela
eTotal,Disponível,Por tabela
Eucatur,Disponível,Por tabela
Eureka,Disponível,Por tabela
Evidencia Transportes,Disponível,Por tabela
Exata Cargo,Disponível,Por tabela
Excargo,Disponível,Por tabela
Excellence,Disponível,Por tabela
Expresso Daera,Disponível,Por tabela
Expresso Duarte,Disponível,Por tabela
Expresso EJL,Disponível,Por tabela
Expresso J.A,Disponível,Por tabela
Expresso Jundiaí,Disponível,Por tabela
Expresso KN,Disponível,Por tabela
Expresso Milles,Disponível,Por tabela
Expresso Minassul,Disponível,Por tabela
Expresso Petrolina,Disponível,Por tabela
Expresso Raquel,Disponível,Por tabela
Expresso Rio Vermelho,Disponível,Por tabela
Expresso Rodominas,Disponível,Por tabela
Expresso Santa Luzia,Disponível,Por tabela
Expresso São Miguel,Disponível,Por tabela
ExpressoVeraCruz,Disponível,Por tabela
F2LOG,Disponível,Por tabela
FariasFaz,Disponível,Por tabela
Farrapos,Disponível,Por tabela
Farta Transportes,Disponível,Por tabela
FCB,Disponível,Por tabela
Femsa,Disponível,Por tabela
FG Transportes e Logistica,Disponível,Por tabela
FininhoExpress,Disponível,Simplificada
Firelog,Disponível,Por tabela
Fit Log,Disponível,Por tabela
Five Express,Disponível,Por tabela
FK Transportes,Disponível,Por tabela
Flash Courier,Disponível,Simplificada
Flash Serviços,Disponível,Por tabela
FlashCourierVIP,Disponível,Por tabela
FlechaAzul,Disponível,Por tabela
Fleetco Logistica,Disponível,Por tabela
Flex Transportes,Disponível,Simplificada
FlexBoys,Disponível,Por tabela
FLOG,Disponível,Por tabela
Flordeminas,Disponível,Por tabela
Fluorita,Disponível,Por tabela
Flyville,Disponível,Por tabela
FM Transportes,Disponível,Simplificada
Folhaval,Disponível,Simplificada
Formato Transportes,Disponível,Por tabela
Forte Minas,Disponível,Por tabela
Francar Transportes,Disponível,Por tabela
Frete Click,Disponível,Simplificada
Fretlog,Disponível,Por tabela
FRILog,Disponível,Por tabela
Gamper,Disponível,Por tabela
GAO LOG,Disponível,Por tabela
Garcia,Disponível,Por tabela
Garibaldi,Disponível,Por tabela
Gartran,Disponível,Por tabela
GBex,Disponível,Por tabela
Gdlog,Disponível,Por tabela
Generoso,Disponível,Simplificada
Gercadi,Disponível,Por tabela
Ges,Disponível,Por tabela
Gioele,Disponível,Por tabela
Giro Certo,Disponível,Por tabela
Global,Disponível,Por tabela
GMX,Disponível,Simplificada
GNY Log,Disponível,Por tabela
Go Fretes,Disponível,Simplificada
Gobor,Disponível,Por tabela
Gollog,Disponível,Simplificada
Gonçalves Logística,Disponível,Por tabela
GP Brasil,Disponível,Por tabela
Gran Cargo,Disponível,Por tabela
Granado,Disponível,Por tabela
Granzotto,Disponível,Por tabela
Gravitol Transportes,Disponível,Por tabela
Gridlog,Disponível,Simplificada
Grin Store,Disponível,Por tabela
Gritsch,Disponível,Por tabela
GRLOG,Disponível,Por tabela
Grouptrans,Disponível,Por tabela
Grupo Comporte,Disponível,Por tabela
Grupo Dago,Disponível,Por tabela
Grupo Five Logística,Disponível,Por tabela
Grupospeed,Disponível,Simplificada
GSM,Disponível,Por tabela
GuaruCargo,Disponível,Por tabela
HCC,Disponível,Por tabela
HDLOG,Disponível,Por tabela
HenzerLog,Disponível,Por tabela
Hervi Transportes,Disponível,Por tabela
HJT Transportes,Disponível,Por tabela
Icaro Express,Disponível,Por tabela
Iconex,Disponível,Por tabela
Icourier,Disponível,Por tabela
Ideale,Disponível,Simplificada
IDH Transportes,Disponível,Por tabela
Imile Vip,Disponível,Por tabela
In Casa,Disponível,Por tabela
Inda Transportes,Disponível,Por tabela
Integra Sudeste,Disponível,Por tabela
Interlog,Disponível,Por tabela
Intra Cargo,Disponível,Por tabela
Invicta Transportes,Disponível,Por tabela
IPK,Disponível,Por tabela
IS Entrega,Disponível,Simplificada
Itamarati,Disponível,Por tabela
Itaobi,Disponível,Por tabela
J&T Express,Disponível,Simplificada
J3 FLEX,Disponível,Por tabela
Jacareí,Disponível,Por tabela
Jadlog,Disponível,Simplificada
Jadlog Pickup,Disponível,Simplificada
Jamef,Disponível,Simplificada
JCL Transportes,Disponível,Por tabela
Jeolog Transportes,Disponível,Por tabela
JEW Transportes,Disponível,Por tabela
JF Transportes,Disponível,Por tabela
JJSul Transportes,Disponível,Por tabela
JKM Log,Disponível,Por tabela
JLOG,Disponível,Por tabela
JM Transportes,Disponível,Por tabela
JohnExpress,Disponível,Por tabela
Jotafazio,Disponível,Por tabela
Joy2w,Disponível,Por tabela
JR Transportes,Disponível,Por tabela
Kamer Cargo,Disponível,Por tabela
Keller,Disponível,Por tabela
KMTransportes,Disponível,Por tabela
Kombex,Disponível,Por tabela
KR Log Transportes,Disponível,Por tabela
KTC Transportes,Disponível,Por tabela
KYC Express,Disponível,Por tabela
Ladi Transportes,Disponível,Por tabela
Laffin Transportes,Disponível,Por tabela
Lalamove,Disponível,Simplificada
LaLog,Disponível,Por tabela
Lanto Transportes,Disponível,Por tabela
Lastro,Disponível,Por tabela
Latam Cargo,Disponível,Por tabela
Lauto Cargo,Disponível,Por tabela
LBLog,Disponível,Por tabela
LBR Express,Disponível,Simplificada
LDB,Disponível,Por tabela
Lealdade Em Transportes,Disponível,Por tabela
LeitiExpress,Disponível,Por tabela
Lemos,Disponível,Por tabela
Leofran,Disponível,Por tabela
Leomar,Disponível,Por tabela
liberty Transportes,Disponível,Por tabela
Life Cargo,Disponível,Por tabela
Lig Cargas,Disponível,Por tabela
Liglog,Disponível,Por tabela
LMS Log,Disponível,Por tabela
Local Express,Disponível,Por tabela
LOG7 Logistica,Disponível,Por tabela
Logan Express,Disponível,Por tabela
LogBR,Disponível,Por tabela
Logcare,Disponível,Por tabela
Logdi,Disponível,Por tabela
LogG5,Disponível,Por tabela
Loggi,Disponível,Simplificada
LogicLog,Disponível,Por tabela
Logistica Internacional,Disponível,Por tabela
Logistica Personalizada,Disponível,Simplificada
Logística Própria,Disponível,Por tabela
Logística Própria por Origem,Disponível,Por tabela
Logmais,Disponível,Por tabela
Logtau,Disponível,Por tabela
LR Transportes,Disponível,Por tabela
Lslog,Disponível,Por tabela
LSP,Disponível,Por tabela
LTSL,Disponível,Por tabela
LunaExpress,Disponível,Por tabela
LuzTransportes,Disponível,Por tabela
Luzza Encomendas,Disponível,Por tabela
LV Express,Disponível,Por tabela
M10 Entregas,Disponível,Simplificada
M2000,Disponível,Por tabela
MADE LOGÍSTICA,Disponível,Por tabela
Maex,Disponível,Por tabela
Magalog,Disponível,Por tabela
MagLog,Disponível,Por tabela
Mandaê,Disponível,Simplificada
Mandala,Disponível,Por tabela
Mandar,Disponível,Simplificada
Mann,Disponível,Por tabela
Maraja,Disponível,Por tabela
Martins,Disponível,Por tabela
Maxlog,Disponível,Por tabela
MBLog,Disponível,Por tabela
MD Logística,Disponível,Por tabela
MD Translog,Disponível,Simplificada
MDJ Transportes,Disponível,Por tabela
MDTranslog,Disponível,Por tabela
Mega Brasil,Disponível,Por tabela
Mega Transportes,Disponível,Simplificada
Meireles Logística,Disponível,Por tabela
MelhorEnvio,Disponível,Por tabela
Mengue Transportes,Disponível,Por tabela
Meridiano,Disponível,Por tabela
Meridional,Disponível,Por tabela
Metrópole,Disponível,Por tabela
MF Transportes,Disponível,Por tabela
MG Cargas,Disponível,Por tabela
MG5,Disponível,Por tabela
MHLog,Disponível,Por tabela
MID Transportes,Disponível,Por tabela
Minas Star,Disponível,Por tabela
MindLog,Disponível,Por tabela
Minuano,Disponível,Por tabela
Mira Transportes,Disponível,Por tabela
Mirin do Sul,Disponível,Por tabela
MLF Logistica,Disponível,Por tabela
MLOG,Disponível,Por tabela
MMA,Disponível,Por tabela
MMC Transportes,Disponível,Por tabela
Mobile,Disponível,Por tabela
Mobly Transportes,Disponível,Por tabela
Modular,Disponível,Por tabela
Montone,Disponível,Por tabela
Moove Logistica,Disponível,Simplificada
Moovelog,Disponível,Por tabela
Motta,Disponível,Por tabela
Movati Transportes,Disponível,Por tabela
Move3,Disponível,Por tabela
Movex Express,Disponível,Por tabela
Movimente,Disponível,Por tabela
Moving Express,Disponível,Simplificada
MR Transportes,Disponível,Por tabela
MrbExpress,Disponível,Simplificada
MTR,Disponível,Por tabela
Multi Nordeste,Disponível,Por tabela
Multilog,Disponível,Por tabela
Multiplos Centro de Distribuições,Disponível,Por tabela
MultiSCV,Disponível,Por tabela
Mxlog,Disponível,Simplificada
Nacional Cargas,Disponível,Por tabela
Nativa Transportes,Disponível,Simplificada
NBL Log,Disponível,Por tabela
NextExpress,Disponível,Simplificada
Nexus Log,Disponível,Por tabela
NFL Solucoes Integradas,Disponível,Por tabela
Nikkey,Disponível,Por tabela
NKEnvios,Disponível,Por tabela
Nordex,Disponível,Por tabela
Norte Express,Disponível,Por tabela
Nova Era Express,Disponível,Por tabela
Nova Estrutura,Disponível,Por tabela
Nova União Transportes,Disponível,Por tabela
Novais Transportes,Disponível,Por tabela
Nowlog,Disponível,Por tabela
NRExpress,Disponível,Por tabela
NSA,Disponível,Por tabela
NSCLog,Disponível,Por tabela
NSLog,Disponível,Por tabela
NTLOG,Disponível,Por tabela
NWM Transportes,Disponível,Por tabela
Objetiva,Disponível,Por tabela
Offlog,Disponível,Por tabela
OK Transportes,Disponível,Por tabela
Olivex,Disponível,Por tabela
Onedoor,Disponível,Simplificada
OnLog,Disponível,Por tabela
Ontime,Disponível,Por tabela
Onze Logística,Disponível,Por tabela
OpcaoExpress,Disponível,Simplificada
Ostel,Disponível,Por tabela
OTIBrasil,Disponível,Por tabela
OtimizeFrete,Disponível,Simplificada
OtsTransportes,Disponível,Por tabela
Ouro Negro,Disponível,Por tabela
Packslog,Disponível,Por tabela
Pajuçara,Disponível,Por tabela
Pakman,Disponível,Simplificada
Panex,Disponível,Por tabela
Pannan,Disponível,Por tabela
Pantanal Transportes,Disponível,Por tabela
Passaro Transportes,Disponível,Por tabela
Passaro Verde,Disponível,Por tabela
PassaroMarrom,Disponível,Simplificada
Patrus,Disponível,Por tabela
Paulineris,Disponível,Por tabela
Paulista Express,Disponível,Por tabela
Pegaki,Disponível,Por tabela
Penske,Disponível,Por tabela
Petrymar,Disponível,Por tabela
Pexlog,Disponível,Por tabela
PHL Solucoes Logisticas,Disponível,Por tabela
Picolli,Disponível,Por tabela
Picorelli,Disponível,Por tabela
Piralog Logistica,Disponível,Por tabela
Pitangua Express,Disponível,Simplificada
Planalto,Disponível,Por tabela
Platinum Log,Disponível,Por tabela
Plav Logistica Avancada,Disponível,Por tabela
Plimor,Disponível,Por tabela
Portu Brasil,Disponível,Por tabela
Posta Ja,Disponível,Por tabela
PostaBem,Disponível,Por tabela
Postex Express,Disponível,Simplificada
PotSpeed,Disponível,Por tabela
Pratavera,Disponível,Por tabela
Premici,Disponível,Por tabela
Pretti,Disponível,Por tabela
Prime,Disponível,Por tabela
Princesa Dos Campos,Disponível,Por tabela
ProjetoExpress,Disponível,Por tabela
Quality Entregas,Disponível,Por tabela
R3 Express,Disponível,Simplificada
Rapiddo,Disponível,Simplificada
Rápido d'Oeste,Disponível,Por tabela
Rapido Figueiredo,Disponível,Por tabela
Rapido Igrejinha,Disponível,Por tabela
Rápido Paraíba,Disponível,Por tabela
Rapido Saron,Disponível,Por tabela
Rapidopaulistana,Disponível,Por tabela
RaroLog,Disponível,Por tabela
RecrieTransportes,Disponível,Simplificada
Recris Log,Disponível,Por tabela
RED,Disponível,Por tabela
Rede Forte Logistica,Disponível,Por tabela
Rede Sul,Disponível,Simplificada
Redex Alliance,Disponível,Simplificada
Reiter Log,Disponível,Por tabela
Reunidas,Disponível,Por tabela
ReunidasLog,Disponível,Por tabela
RGE Transportes,Disponível,Por tabela
Rglog,Disponível,Por tabela
Ribeiros Transportes,Disponível,Por tabela
Ricco,Disponível,Por tabela
Rio Doce,Disponível,Por tabela
Rio Negro,Disponível,Por tabela
Riobike,Disponível,Simplificada
Riopex,Disponível,Por tabela
Rispa transportes,Disponível,Simplificada
Risso Transportes,Disponível,Simplificada
Rizza,Disponível,Por tabela
Rmflores,Disponível,Por tabela
RMK,Disponível,Por tabela
RNO Transportes,Disponível,Por tabela
Rocell,Disponível,Por tabela
Roda Log,Disponível,Por tabela
Rodo Express,Disponível,Por tabela
Rodo Garcia,Disponível,Por tabela
Rodo Vitor,Disponível,Por tabela
Rodocerto,Disponível,Por tabela
Rododex,Disponível,Por tabela
Rodoe,Disponível,Simplificada
RODO-E,Disponível,Por tabela
RodoeVIP,Disponível,Por tabela
Rodofast,Disponível,Por tabela
Rodomais,Disponível,Por tabela
Rodomax,Disponível,Por tabela
Rodomaxlog,Disponível,Por tabela
Rodomix,Disponível,Por tabela
Rodonaves,Disponível,Por tabela
RodoPC Transportes,Disponível,Por tabela
Rodo-R Transportes,Disponível,Por tabela
Rodosuper,Disponível,Por tabela
Rodotransfer,Disponível,Por tabela
Rodoveiga Transportes,Disponível,Por tabela
Rohnes,Disponível,Por tabela
Roraima Logistica,Disponível,Por tabela
Rotativa,Disponível,Por tabela
Rotta Transportes,Disponível,Por tabela
Route,Disponível,Por tabela
RPA Transportes,Disponível,Por tabela
RPJTransportes,Disponível,Por tabela
RTx Logistics,Disponível,Simplificada
Rubber,Disponível,Por tabela
RVR LOG,Disponível,Por tabela
S2TRANSPORTES,Disponível,Por tabela
SAJOB Logistica,Disponível,Por tabela
Sal Express,Disponível,Por tabela
Salto Log,Disponível,Por tabela
SancoEx,Disponível,Por tabela
Santa Edwiges,Disponível,Por tabela
Santacruz,Disponível,Por tabela
SantaCruzEnc,Disponível,Por tabela
Santanense,Disponível,Por tabela
São João Encomendas,Disponível,Por tabela
Satélite Norte,Disponível,Por tabela
SatiLog,Disponível,Por tabela
Saturno Brasil,Disponível,Por tabela
SBR,Disponível,Por tabela
Schreiberlog,Disponível,Por tabela
SCLogistica,Disponível,Por tabela
Scoppus,Disponível,Por tabela
SCR,Disponível,Por tabela
SDS Transportes,Disponível,Por tabela
Sequoia,Disponível,Simplificada
Serra Brasil Transportes,Disponível,Por tabela
SeteLagos,Disponível,Por tabela
Setex,Disponível,Por tabela
SGRLog,Disponível,Por tabela
Shippify,Disponível,Simplificada
Shipto Express,Disponível,Simplificada
Sigma Transportes,Disponível,Por tabela
Sim Transportes,Disponível,Por tabela
SimCargo,Disponível,Por tabela
Simovi,Disponível,Por tabela
SimpliFrete,Disponível,Simplificada
Sinil,Disponível,Por tabela
SJB EXPRESS Transportes,Disponível,Por tabela
SJPCargo,Disponível,Por tabela
SKU Cargo,Disponível,Por tabela
Smart Envios,Disponível,Simplificada
Smart2C,Disponível,Por tabela
Smartenvios,Disponível,Por tabela
Smartlog,Disponível,Por tabela
SNTL,Disponível,Por tabela
Solidez,Disponível,Por tabela
Solistica,Disponível,Por tabela
Solnordeste Transportes,Disponível,Por tabela
Soulog,Disponível,Simplificada
Speed,Disponível,Por tabela
Speedwork,Disponível,Por tabela
SR Log,Disponível,Por tabela
STL Express,Disponível,Por tabela
STOTransportes,Disponível,Por tabela
Sua Majestade,Disponível,Por tabela
Sudoeste,Disponível,Por tabela
Sulamericana,Disponível,Por tabela
Sulmóveis Transportes,Disponível,Por tabela
Sunorte,Disponível,Por tabela
T. Alta Rodagem,Disponível,Por tabela
T. Americana,Disponível,Simplificada
T. B2Log,Disponível,Por tabela
T. Carvalima,Disponível,Por tabela
T. Rasador,Disponível,Por tabela
Tadex,Disponível,Por tabela
TAP Express,Disponível,Por tabela
Taz Transportes,Disponível,Por tabela
TDB Transportes,Disponível,Por tabela
Tecea,Disponível,Por tabela
TECMAR,Disponível,Por tabela
Tecnolog,Disponível,Por tabela
Telecargas,Disponível,Por tabela
Temp Log,Disponível,Por tabela
Termaco,Disponível,Por tabela
Tex Encomendas,Disponível,Por tabela
TGM Transportes,Disponível,Por tabela
TGTransportes,Disponível,Por tabela
THM Transportes,Disponível,Por tabela
TIB,Disponível,Por tabela
TimeExpress,Disponível,Por tabela
Timex Transportes,Disponível,Por tabela
TJB Transportes,Disponível,Por tabela
TL EXPRESS,Disponível,Simplificada
TLOG Connect,Disponível,Por tabela
TMLogistica,Disponível,Por tabela
TMS,Disponível,Por tabela
TOCLOG TRANSPORTES,Disponível,Por tabela
Todo Brasil,Disponível,Por tabela
Tonolucro,Disponível,Por tabela
TPL LOGISTICA,Disponível,Por tabela
TPN,Disponível,Por tabela
Tragetta,Disponível,Por tabela
Trans Apucarana,Disponível,Por tabela
Trans Bento Nordeste,Disponível,Por tabela
Trans Bernardes,Disponível,Simplificada
Trans Bonfim,Disponível,Por tabela
Trans CJ,Disponível,Por tabela
Trans Hizza,Disponível,Por tabela
Trans MS,Disponível,Simplificada
Trans7,Disponível,Por tabela
Transal,Disponível,Por tabela
Transamex,Disponível,Por tabela
Transbarbosa,Disponível,Por tabela
TransBrasil,Disponível,Por tabela
TransCajuru,Disponível,Por tabela
Transcargo,Disponível,Por tabela
Transcherrer,Disponível,Por tabela
Transchicão,Disponível,Por tabela
Transcourier,Disponível,Por tabela
TransDelivery,Disponível,Por tabela
TransDesign,Disponível,Por tabela
TransDuarte,Disponível,Por tabela
Transet,Disponível,Por tabela
TransExpress,Disponível,Por tabela
Transfig,Disponível,Por tabela
Transfolha,Disponível,Por tabela
Transgerbi,Disponível,Simplificada
TransGoss,Disponível,Por tabela
Transiga,Disponível,Por tabela
TransImperio,Disponível,Por tabela
Transisaak,Disponível,Por tabela
Transita,Disponível,Por tabela
Transjardini,Disponível,Por tabela
Translaguna,Disponível,Por tabela
Translapas,Disponível,Por tabela
Translevi,Disponível,Por tabela
TransLKC,Disponível,Por tabela
Translovato,Disponível,Por tabela
Transluc,Disponível,Por tabela
Transmagna,Disponível,Por tabela
Transmaytam,Disponível,Por tabela
TransMG,Disponível,Simplificada
Transminato,Disponível,Por tabela
TransMOS,Disponível,Por tabela
Transmoto Logística,Disponível,Por tabela
Transnorte,Disponível,Por tabela
TransNossa,Disponível,Por tabela
Transoliveira,Disponível,Por tabela
Transordi,Disponível,Por tabela
Transpaulo,Disponível,Por tabela
Transpen,Disponível,Por tabela
Transperola,Disponível,Por tabela
Transpex,Disponível,Simplificada
Transportadora Agex,Disponível,Simplificada
Transportadora ASAPLog,Disponível,Simplificada
Transportadora B2Log,Disponível,Simplificada
Transportadora BGS,Disponível,Por tabela
Transportadora Favorita,Disponível,Por tabela
Transportadora Jetpack,Disponível,Por tabela
Transportadora Lafe,Disponível,Simplificada
Transportadora Ociani,Disponível,Por tabela
Transportadora Pacifico,Disponível,Por tabela
Transportadora Souza Americana,Disponível,Por tabela
Transportadora TEC,Disponível,Por tabela
Transportadora Zapex,Disponível,Simplificada
Transporte Batista,Disponível,Por tabela
Transportes Adre,Disponível,Por tabela
Transportes GMR,Disponível,Por tabela
Transportes Irmãos,Disponível,Por tabela
Transportes Serrana,Disponível,Por tabela
Transpress,Disponível,Por tabela
Transrapido,Disponível,Por tabela
Transreal,Disponível,Por tabela
TransReis,Disponível,Por tabela
TransRota,Disponível,Por tabela
Transtavares,Disponível,Por tabela
Transtudo Express,Disponível,Por tabela
Transul,Disponível,Por tabela
Transuni,Disponível,Por tabela
Transville,Disponível,Por tabela
Transwells,Disponível,Por tabela
TRC Transportes,Disponível,Por tabela
TRD Transportes,Disponível,Por tabela
TRF Transportes,Disponível,Por tabela
Trilog,Disponível,Por tabela
Troca,Disponível,Por tabela
TS Cargas,Disponível,Por tabela
TW Transportes,Disponível,Por tabela
TXS,Disponível,Por tabela
Uberlog,Disponível,Por tabela
Uello,Disponível,Por tabela
Unesul,Disponível,Por tabela
União Transportes,Disponível,Por tabela
UniaoExpress,Disponível,Por tabela
Unida,Disponível,Por tabela
Unika,Disponível,Por tabela
Unilogi,Disponível,Por tabela
Unitransp,Disponível,Por tabela
UpperLog,Disponível,Por tabela
UPS,Disponível,Por tabela
Usa Encomendas,Disponível,Por tabela
USCargo,Disponível,Por tabela
UX Group,Disponível,Por tabela
Vajlog,Disponível,Por tabela
Valpan,Disponível,Por tabela
Veneto,Disponível,Por tabela
Venkon,Disponível,Por tabela
Verde Valle Transportes,Disponível,Por tabela
VEX Logistica,Disponível,Por tabela
VHZ,Disponível,Por tabela
Viação São Bento,Disponível,Por tabela
VIGGLOG,Disponível,Por tabela
VilaPlus,Disponível,Por tabela
Vinhedos Transportes,Disponível,Por tabela
Vinislog,Disponível,Por tabela
Violeta Transportes,Disponível,Por tabela
Viopex,Disponível,Por tabela
VIP Encomendas,Disponível,Por tabela
Vipex,Disponível,Por tabela
VipExpress,Disponível,Por tabela
Vitlog,Disponível,Por tabela
Vix Express,Disponível,Por tabela
Voo Transportes,Disponível,Por tabela
Vuxx,Disponível,Por tabela
Winner Express,Disponível,Por tabela
Winner Log,Disponível,Por tabela
WN Transportes,Disponível,Por tabela
Wolfox,Disponível,Por tabela
WRJ Logística,Disponível,Por tabela
WV Logistica,Disponível,Por tabela
Yad,Disponível,Por tabela
Yellow Log,Disponível,Simplificada
YellowlogVIP,Disponível,Por tabela
Zanotelli,Disponível,Por tabela
Zufralog,Disponível,Por tabela
